school_name,phase 2A vacancies,day_1 phase 2A applicants,day_2 phase 2A applicants,19/07/2023 phase 2A vacancies,19/07/2023 phase 2A applicants,20/07/2023 phase 2A vacancies,20/07/2023 phase 2A applicants,20/07/2023 phase 2A ballot_criteria,24/07/2023 phase 2B vacancies,24/07/2023 phase 2B applicants,24/07/2023 phase 2B ballot_criteria,25/07/2023 phase 2B vacancies,25/07/2023 phase 2B applicants,25/07/2023 phase 2B ballot_criteria,26/07/2023 phase 2B vacancies,26/07/2023 phase 2B applicants,26/07/2023 phase 2B ballot_criteria,27/07/2023 phase 2B vacancies,27/07/2023 phase 2B applicants,27/07/2023 phase 2B ballot_criteria,28/07/2023 phase 2B vacancies,28/07/2023 phase 2B applicants,28/07/2023 phase 2B ballot_criteria,31/07/2023 phase 2C vacancies,31/07/2023 phase 2C max pr vacancies,31/07/2023 phase 2C applicants,31/07/2023 phase 2C ballot_criteria,01/08/2023 phase 2C vacancies,01/08/2023 phase 2C max pr vacancies,01/08/2023 phase 2C applicants,01/08/2023 phase 2C ballot_criteria,03/08/2023 phase 2C vacancies,03/08/2023 phase 2C max pr vacancies,03/08/2023 phase 2C applicants,03/08/2023 phase 2C ballot_criteria,10/08/2023 phase 2C vacancies,10/08/2023 phase 2C max pr vacancies,10/08/2023 phase 2C applicants,10/08/2023 phase 2C ballot_criteria,14/08/2023 phase 2C vacancies,14/08/2023 phase 2C max pr vacancies,14/08/2023 phase 2C applicants,14/08/2023 phase 2C ballot_criteria
Admiralty Primary School,75,23,30,75,32,75,32,-,34,32,-,34,32,-,34,32,-,34,32,-,34,37,"Balloting will be conducted for Permanent Resident children residing within 1km of the school. If your application is unsuccessful, you can register again in your next eligible phase.",69,-,-,-,69,-,88,-,69,-,101,-,70,-,109,"Balloting will be conducted for Singapore Citizen children residing within 1km of the school. If your application is unsuccessful, you can register for a school with available vacancies in Phase 2C Supplementary.",70,-,109,"Balloting will be conducted for Singapore Citizen children residing within 1km of the school. If your application is unsuccessful, you can register for a school with available vacancies in Phase 2C Supplementary."
Ahmad Ibrahim Primary School,106,9,10,106,10,106,10,-,52,0,-,52,0,-,52,0,-,52,0,-,52,0,-,156,-,-,-,157,-,17,-,157,-,26,-,157,-,27,-,157,-,27,-
Ai Tong School,126,90,110,126,120,126,120,-,22,12,-,22,12,-,22,12,-,22,12,-,22,56,"Balloting will be conducted for Singapore Citizen children residing within 1km of the school. If your application is unsuccessful, you can register again in your next eligible phase.",44,-,-,-,44,-,53,-,44,-,70,-,45,-,78,"Balloting will be conducted for Singapore Citizen children residing within 1km of the school. If your application is unsuccessful, you can register for a school with available vacancies in Phase 2C Supplementary.",45,-,78,"Balloting will be conducted for Singapore Citizen children residing within 1km of the school. If your application is unsuccessful, you can register for a school with available vacancies in Phase 2C Supplementary."
Alexandra Primary School,83,6,9,83,13,83,13,-,43,3,-,43,3,-,43,3,-,43,3,-,43,4,-,126,-,-,-,126,-,93,-,126,-,119,-,127,-,141,"Balloting will be conducted for Singapore Citizen children residing outside 2km of the school. If your application is unsuccessful, you can register for a school with available vacancies in Phase 2C Supplementary.",127,-,141,"Balloting will be conducted for Singapore Citizen children residing outside 2km of the school. If your application is unsuccessful, you can register for a school with available vacancies in Phase 2C Supplementary."
Anchor Green Primary School,95,19,24,95,30,95,30,-,42,0,-,42,0,-,42,0,-,42,0,-,42,0,-,126,-,-,-,126,-,29,-,127,-,33,-,128,-,36,-,128,-,36,-
Anderson Primary School,79,35,43,79,46,79,46,-,31,18,-,31,18,-,31,18,-,31,18,-,31,19,-,74,-,-,-,74,-,65,-,74,-,83,-,74,-,92,"Balloting will be conducted for Singapore Citizen children residing between 1km and 2km of the school. If your application is unsuccessful, you can register for a school with available vacancies in Phase 2C Supplementary.",74,-,92,"Balloting will be conducted for Singapore Citizen children residing between 1km and 2km of the school. If your application is unsuccessful, you can register for a school with available vacancies in Phase 2C Supplementary."
Ang Mo Kio Primary School,58,17,26,58,33,58,33,-,28,0,-,28,0,-,28,0,-,28,0,-,28,0,-,85,-,-,-,85,-,20,-,85,-,23,-,85,-,29,-,85,-,29,-
Anglo-Chinese School (Junior),134,81,99,134,101,134,101,-,31,29,-,31,29,-,31,29,-,31,29,-,31,52,"Balloting will be conducted for Singapore Citizen children residing within 1km of the school. If your application is unsuccessful, you can register again in your next eligible phase.",62,-,-,-,62,-,32,-,62,-,48,-,62,-,79,"Balloting will be conducted for Singapore Citizen children residing outside 2km of the school. If your application is unsuccessful, you can register for a school with available vacancies in Phase 2C Supplementary.",62,-,79,"Balloting will be conducted for Singapore Citizen children residing outside 2km of the school. If your application is unsuccessful, you can register for a school with available vacancies in Phase 2C Supplementary."
Anglo-Chinese School (Primary),124,80,96,124,106,124,106,-,26,44,-,26,44,-,26,44,-,26,44,-,26,51,"Balloting will be conducted for Singapore Citizen children residing within 1km of the school. If your application is unsuccessful, you can register again in your next eligible phase.",53,-,-,-,53,-,37,-,53,-,47,-,53,-,68,"Balloting will be conducted for Singapore Citizen children residing within 1km of the school. If your application is unsuccessful, you can register for a school with available vacancies in Phase 2C Supplementary.",53,-,68,"Balloting will be conducted for Singapore Citizen children residing within 1km of the school. If your application is unsuccessful, you can register for a school with available vacancies in Phase 2C Supplementary."
Angsana Primary School,132,79,90,132,95,132,95,-,32,1,-,32,1,-,32,1,-,32,1,-,32,2,-,95,-,-,-,95,-,120,-,95,-,149,-,95,-,167,"Balloting will be conducted for Singapore Citizen children residing within 1km of the school. If your application is unsuccessful, you can register for a school with available vacancies in Phase 2C Supplementary.",95,-,167,"Balloting will be conducted for Singapore Citizen children residing within 1km of the school. If your application is unsuccessful, you can register for a school with available vacancies in Phase 2C Supplementary."
Beacon Primary School,30,2,4,30,6,30,6,-,28,0,-,28,0,-,28,0,-,28,0,-,28,0,-,84,-,-,-,84,-,21,-,84,-,23,-,84,-,31,-,84,-,31,-
Bedok Green Primary School,94,7,10,94,11,94,11,-,48,0,-,48,0,-,48,0,-,48,0,-,48,0,-,143,-,-,-,143,-,14,-,143,-,21,-,143,-,27,-,143,-,27,-
Bendemeer Primary School,94,9,9,94,12,94,12,-,47,1,-,47,1,-,47,1,-,47,1,-,47,1,-,141,-,-,-,142,-,23,-,142,-,28,-,143,-,30,-,143,-,30,-
Blangah Rise Primary School,37,11,18,37,20,37,20,-,26,0,-,26,0,-,26,0,-,26,0,-,26,0,-,77,-,-,-,77,-,7,-,77,-,11,-,77,-,18,-,77,-,18,-
Boon Lay Garden Primary School,74,9,15,74,15,74,15,-,40,0,-,40,0,-,40,0,-,40,0,-,40,0,-,119,-,-,-,121,-,16,-,121,-,22,-,121,-,27,-,121,-,27,-
Bukit Panjang Primary School,80,62,73,80,78,80,78,-,21,21,-,21,21,-,21,21,-,21,21,-,21,24,"Balloting will be conducted for Singapore Citizen children residing between 1km and 2km of the school. If your application is unsuccessful, you can register again in your next eligible phase.",41,-,-,-,41,-,78,-,41,-,89,-,42,-,89,"Balloting will be conducted for Singapore Citizen children residing within 1km of the school. If your application is unsuccessful, you can register for a school with available vacancies in Phase 2C Supplementary.",42,-,89,"Balloting will be conducted for Singapore Citizen children residing within 1km of the school. If your application is unsuccessful, you can register for a school with available vacancies in Phase 2C Supplementary."
Bukit Timah Primary School,56,7,7,56,7,56,7,-,36,0,-,36,0,-,36,0,-,36,0,-,36,1,-,108,35,-,-,108,35,43,-,109,35,62,-,111,35,71,-,111,35,71,-
Bukit View Primary School,198,7,11,198,17,198,17,-,80,0,-,80,0,-,80,0,-,80,0,-,80,0,-,241,-,-,-,242,-,20,-,242,-,25,-,242,-,27,-,242,-,27,-
Canberra Primary School,100,11,15,100,16,100,16,-,48,20,-,48,20,-,48,20,-,48,20,-,48,22,-,122,-,-,-,122,-,101,-,122,-,123,-,122,-,131,"Balloting will be conducted for Singapore Citizen children residing between 1km and 2km of the school. If your application is unsuccessful, you can register for a school with available vacancies in Phase 2C Supplementary.",122,-,131,"Balloting will be conducted for Singapore Citizen children residing between 1km and 2km of the school. If your application is unsuccessful, you can register for a school with available vacancies in Phase 2C Supplementary."
Canossa Catholic Primary School,12,2,3,12,3,12,3,-,23,14,-,23,14,-,23,14,-,23,14,-,23,19,-,50,-,-,-,50,-,40,-,50,-,53,-,50,-,56,"This school only has places for Singapore Citizen children residing within 2km of the school. No balloting will be conducted.

If your application is unsuccessful, you can register for a school with available vacancies in Phase 2C Supplementary.",50,-,56,"This school only has places for Singapore Citizen children residing within 2km of the school. No balloting will be conducted.

If your application is unsuccessful, you can register for a school with available vacancies in Phase 2C Supplementary."
Cantonment Primary School,45,3,3,45,4,45,4,-,34,2,-,34,2,-,34,2,-,34,2,-,34,2,-,99,-,-,-,99,-,19,-,99,-,31,-,100,-,40,-,100,-,40,-
Casuarina Primary School,24,14,15,24,18,24,18,-,22,0,-,22,0,-,22,0,-,22,0,-,22,0,-,66,-,-,-,66,-,32,-,66,-,39,-,66,-,44,-,66,-,44,-
Catholic High School (Primary Section),116,96,132,116,135,116,135,"Balloting will be conducted for Singapore Citizen children residing outside 2km of the school. If your application is unsuccessful, you can register again in your next eligible phase.",20,26,-,20,26,-,20,26,-,20,26,-,20,29,"Balloting will be conducted for Singapore Citizen children residing within 1km of the school. If your application is unsuccessful, you can register again in your next eligible phase.",40,-,-,-,40,-,41,-,40,-,49,-,40,-,52,"Balloting will be conducted for Singapore Citizen children residing within 1km of the school. If your application is unsuccessful, you can register for a school with available vacancies in Phase 2C Supplementary.",40,-,52,"Balloting will be conducted for Singapore Citizen children residing within 1km of the school. If your application is unsuccessful, you can register for a school with available vacancies in Phase 2C Supplementary."
Cedar Primary School,128,25,35,128,36,128,36,-,51,0,-,51,0,-,51,0,-,51,0,-,51,1,-,151,-,-,-,151,-,21,-,151,-,31,-,151,-,38,-,151,-,38,-
Changkat Primary School,75,9,13,75,15,75,15,-,40,1,-,40,1,-,40,1,-,40,1,-,40,1,-,119,-,-,-,119,-,40,-,119,-,49,-,119,-,56,-,119,-,56,-
CHIJ (Katong) Primary,96,19,28,96,30,96,30,-,42,15,-,42,15,-,42,15,-,42,15,-,42,21,-,105,-,-,-,105,-,41,-,105,-,50,-,105,-,63,-,105,-,63,-
CHIJ (Kellock),93,8,11,93,12,93,12,-,47,7,-,47,7,-,47,7,-,47,7,-,47,14,-,127,-,-,-,128,-,34,-,128,-,39,-,128,-,49,-,128,-,49,-
CHIJ Our Lady of Good Counsel,61,8,10,61,11,61,11,-,37,9,-,37,9,-,37,9,-,37,9,-,37,11,-,99,-,-,-,100,-,22,-,100,-,31,-,101,-,40,-,101,-,40,-
CHIJ Our Lady of the Nativity,120,17,23,120,24,120,24,-,52,31,-,52,31,-,52,31,-,52,31,-,52,45,-,111,-,-,-,111,-,90,-,111,-,102,-,111,-,113,"Balloting will be conducted for Permanent Resident children residing within 1km of the school. If your application is unsuccessful, you can register for a school with available vacancies in Phase 2C Supplementary.",111,-,113,"Balloting will be conducted for Permanent Resident children residing within 1km of the school. If your application is unsuccessful, you can register for a school with available vacancies in Phase 2C Supplementary."
CHIJ Our Lady Queen of Peace,72,14,15,72,15,72,15,-,39,12,-,39,12,-,39,12,-,39,12,-,40,14,-,105,-,-,-,105,-,42,-,105,-,47,-,105,-,59,-,105,-,59,-
CHIJ Primary (Toa Payoh),99,65,76,100,78,100,78,-,27,20,-,27,20,-,27,20,-,27,20,-,27,53,"Balloting will be conducted for Singapore Citizen children residing within 1km of the school. If your application is unsuccessful, you can register again in your next eligible phase.",55,-,-,-,55,-,53,-,55,-,61,-,55,-,69,"Balloting will be conducted for Singapore Citizen children residing between 1km and 2km of the school. If your application is unsuccessful, you can register for a school with available vacancies in Phase 2C Supplementary.",55,-,69,"Balloting will be conducted for Singapore Citizen children residing between 1km and 2km of the school. If your application is unsuccessful, you can register for a school with available vacancies in Phase 2C Supplementary."
CHIJ St. Nicholas Girls' School (Primary Section),80,86,99,80,103,80,103,"Balloting will be conducted for Singapore Citizen children residing outside 2km of the school. If your application is unsuccessful, you can register again in your next eligible phase.",20,38,-,20,38,-,20,38,-,20,38,-,20,46,"Balloting will be conducted for Singapore Citizen children residing within 1km of the school. If your application is unsuccessful, you can register again in your next eligible phase.",40,-,-,-,40,-,61,-,40,-,79,-,40,-,84,"Balloting will be conducted for Singapore Citizen children residing within 1km of the school. If your application is unsuccessful, you can register for a school with available vacancies in Phase 2C Supplementary.",40,-,84,"Balloting will be conducted for Singapore Citizen children residing within 1km of the school. If your application is unsuccessful, you can register for a school with available vacancies in Phase 2C Supplementary."
Chongfu School,118,58,70,118,73,118,73,-,35,45,-,35,45,-,35,45,-,35,45,-,35,53,"Balloting will be conducted for Singapore Citizen children residing within 1km of the school. If your application is unsuccessful, you can register again in your next eligible phase.",70,-,-,-,71,-,86,-,72,-,99,-,72,-,112,"Balloting will be conducted for Singapore Citizen children residing within 1km of the school. If your application is unsuccessful, you can register for a school with available vacancies in Phase 2C Supplementary.",72,-,112,"Balloting will be conducted for Singapore Citizen children residing within 1km of the school. If your application is unsuccessful, you can register for a school with available vacancies in Phase 2C Supplementary."
Chongzheng Primary School,59,32,40,60,41,60,41,-,26,5,-,26,5,-,26,5,-,26,5,-,26,7,-,72,-,-,-,72,-,60,-,72,-,76,-,72,-,84,"Balloting will be conducted for Singapore Citizen children residing between 1km and 2km of the school. If your application is unsuccessful, you can register for a school with available vacancies in Phase 2C Supplementary.",72,-,84,"Balloting will be conducted for Singapore Citizen children residing between 1km and 2km of the school. If your application is unsuccessful, you can register for a school with available vacancies in Phase 2C Supplementary."
Chua Chu Kang Primary School,59,35,39,59,44,59,44,-,25,13,-,25,13,-,25,13,-,25,13,-,25,14,-,61,-,-,-,61,-,93,-,61,-,95,-,62,-,111,"Balloting will be conducted for Singapore Citizen children residing within 1km of the school. If your application is unsuccessful, you can register for a school with available vacancies in Phase 2C Supplementary.",62,-,111,"Balloting will be conducted for Singapore Citizen children residing within 1km of the school. If your application is unsuccessful, you can register for a school with available vacancies in Phase 2C Supplementary."
Clementi Primary School,165,7,9,165,13,165,13,-,71,0,-,71,0,-,71,0,-,71,0,-,71,0,-,212,58,-,-,212,58,32,-,212,58,39,-,214,58,51,-,214,58,51,-
Compassvale Primary School,73,8,10,73,14,73,14,-,40,18,-,40,18,-,40,18,-,40,18,-,40,18,-,101,-,-,-,101,-,83,-,101,-,106,-,101,-,133,"Balloting will be conducted for Singapore Citizen children residing within 1km of the school. If your application is unsuccessful, you can register for a school with available vacancies in Phase 2C Supplementary.",101,-,133,"Balloting will be conducted for Singapore Citizen children residing within 1km of the school. If your application is unsuccessful, you can register for a school with available vacancies in Phase 2C Supplementary."
Concord Primary School,81,24,29,81,32,81,32,-,36,1,-,36,1,-,36,1,-,36,1,-,36,1,-,108,-,-,-,108,-,49,-,108,-,65,-,108,-,76,-,108,-,76,-
Corporation Primary School,75,11,12,75,17,75,17,-,39,0,-,39,0,-,39,0,-,39,0,-,39,2,-,116,-,-,-,117,-,16,-,117,-,20,-,118,-,31,-,118,-,31,-
Damai Primary School,41,7,9,41,13,41,13,-,29,0,-,29,0,-,29,0,-,29,0,-,29,1,-,87,-,-,-,87,-,13,-,87,-,16,-,87,-,22,-,87,-,22,-
Dazhong Primary School,84,43,54,84,61,84,61,-,28,0,-,28,0,-,28,0,-,28,0,-,28,0,-,83,-,-,-,85,-,51,-,85,-,60,-,85,-,83,-,85,-,83,-
De La Salle School,89,10,14,89,16,89,16,-,44,2,-,44,2,-,44,2,-,44,2,-,44,5,-,128,-,-,-,128,-,71,-,128,-,83,-,128,-,96,-,128,-,96,-
East Spring Primary School,81,4,7,81,11,81,11,-,43,0,-,43,0,-,43,0,-,43,0,-,43,0,-,130,-,-,-,130,-,46,-,130,-,55,-,130,-,64,-,130,-,64,-
Edgefield Primary School,109,4,7,109,7,109,7,-,54,0,-,54,0,-,54,0,-,54,0,-,54,0,-,162,-,-,-,162,-,34,-,162,-,43,-,162,-,46,-,162,-,46,-
Elias Park Primary School,23,13,19,23,22,23,22,-,20,0,-,20,0,-,20,0,-,20,0,-,20,0,-,61,-,-,-,61,-,66,-,61,-,91,-,61,-,101,"Balloting will be conducted for Singapore Citizen children residing within 1km of the school. If your application is unsuccessful, you can register for a school with available vacancies in Phase 2C Supplementary.",61,-,101,"Balloting will be conducted for Singapore Citizen children residing within 1km of the school. If your application is unsuccessful, you can register for a school with available vacancies in Phase 2C Supplementary."
Endeavour Primary School,122,3,6,122,6,122,6,-,59,0,-,59,0,-,59,0,-,59,0,-,59,1,-,175,-,-,-,175,-,36,-,175,-,47,-,175,-,53,-,175,-,53,-
Evergreen Primary School,52,16,17,52,18,52,18,-,31,0,-,31,0,-,31,0,-,31,0,-,31,0,-,94,-,-,-,94,-,48,-,94,-,57,-,94,-,66,-,94,-,66,-
Fairfield Methodist School (Primary),94,78,97,94,103,94,103,"Balloting will be conducted for Singapore Citizen children residing outside 2km of the school. If your application is unsuccessful, you can register again in your next eligible phase.",20,35,-,20,35,-,20,35,-,20,35,-,20,52,"Balloting will be conducted for Singapore Citizen children residing within 1km of the school. If your application is unsuccessful, you can register again in your next eligible phase.",40,-,-,-,40,-,46,-,40,-,61,-,40,-,66,"Balloting will be conducted for Singapore Citizen children residing within 1km of the school. If your application is unsuccessful, you can register for a school with available vacancies in Phase 2C Supplementary.",40,-,66,"Balloting will be conducted for Singapore Citizen children residing within 1km of the school. If your application is unsuccessful, you can register for a school with available vacancies in Phase 2C Supplementary."
Farrer Park Primary School,125,12,19,125,20,125,20,-,55,0,-,55,0,-,55,0,-,55,0,-,55,1,-,164,-,-,-,164,-,22,-,164,-,30,-,164,-,37,-,164,-,37,-
Fengshan Primary School,67,24,28,67,33,67,33,-,31,0,-,31,0,-,31,0,-,31,0,-,31,2,-,92,-,-,-,93,-,43,-,93,-,59,-,96,-,75,-,96,-,75,-
Fern Green Primary School,50,48,50,50,50,50,50,-,20,0,-,20,0,-,20,0,-,20,0,-,20,1,-,59,-,-,-,60,-,50,-,61,-,64,-,61,-,73,"Balloting will be conducted for Singapore Citizen children residing within 1km of the school. If your application is unsuccessful, you can register for a school with available vacancies in Phase 2C Supplementary.",61,-,73,"Balloting will be conducted for Singapore Citizen children residing within 1km of the school. If your application is unsuccessful, you can register for a school with available vacancies in Phase 2C Supplementary."
Fernvale Primary School,103,25,33,103,35,103,35,-,43,0,-,43,0,-,43,0,-,43,0,-,43,0,-,128,-,-,-,129,-,51,-,129,-,65,-,129,-,80,-,129,-,80,-
First Toa Payoh Primary School,71,8,12,71,13,71,13,-,39,0,-,39,0,-,39,0,-,39,0,-,39,0,-,118,-,-,-,119,-,5,-,119,-,7,-,119,-,9,-,119,-,9,-
Frontier Primary School,81,71,85,81,88,81,88,"Balloting will be conducted for Permanent Resident children residing within 1km of the school. If your application is unsuccessful, you can register again in your next eligible phase.",20,11,-,20,11,-,20,11,-,20,11,-,20,13,-,47,-,-,-,47,-,39,-,47,-,51,-,48,-,63,"Balloting will be conducted for Singapore Citizen children residing between 1km and 2km of the school. If your application is unsuccessful, you can register for a school with available vacancies in Phase 2C Supplementary.",48,-,63,"Balloting will be conducted for Singapore Citizen children residing between 1km and 2km of the school. If your application is unsuccessful, you can register for a school with available vacancies in Phase 2C Supplementary."
Fuchun Primary School,62,19,26,62,27,62,27,-,32,0,-,32,0,-,32,0,-,32,0,-,32,1,-,94,-,-,-,95,-,36,-,95,-,40,-,95,-,45,-,95,-,45,-
Fuhua Primary School,99,21,27,99,30,99,30,-,43,0,-,43,0,-,43,0,-,43,0,-,43,2,-,127,-,-,-,128,-,39,-,128,-,49,-,128,-,54,-,128,-,54,-
Gan Eng Seng Primary School,59,2,2,59,4,59,4,-,38,0,-,38,0,-,38,0,-,38,0,-,38,0,-,115,-,-,-,115,-,19,-,115,-,25,-,115,-,27,-,115,-,27,-
Geylang Methodist School (Primary),108,17,26,108,32,108,32,-,45,1,-,45,1,-,45,1,-,45,1,-,45,4,-,132,-,-,-,132,-,85,-,132,-,111,-,132,-,134,"Balloting will be conducted for Permanent Resident children residing outside 2km of the school. If your application is unsuccessful, you can register for a school with available vacancies in Phase 2C Supplementary.",132,-,134,"Balloting will be conducted for Permanent Resident children residing outside 2km of the school. If your application is unsuccessful, you can register for a school with available vacancies in Phase 2C Supplementary."
Gongshang Primary School,46,142,163,46,163,46,163,"Balloting will be conducted for Singapore Citizen children residing within 1km of the school. If your application is unsuccessful, you can register again in your next eligible phase.",20,14,-,20,14,-,20,14,-,20,14,-,20,16,-,44,-,-,-,44,-,84,-,44,-,94,-,44,-,107,"Balloting will be conducted for Singapore Citizen children residing within 1km of the school. If your application is unsuccessful, you can register for a school with available vacancies in Phase 2C Supplementary.",44,-,107,"Balloting will be conducted for Singapore Citizen children residing within 1km of the school. If your application is unsuccessful, you can register for a school with available vacancies in Phase 2C Supplementary."
Greendale Primary School,152,17,21,152,22,152,22,-,63,0,-,63,0,-,63,0,-,63,0,-,63,0,-,190,-,-,-,190,-,18,-,190,-,19,-,190,-,23,-,190,-,23,-
Greenridge Primary School,53,4,8,53,9,53,9,-,35,0,-,35,0,-,35,0,-,35,0,-,35,1,-,103,-,-,-,103,-,18,-,103,-,19,-,103,-,19,-,103,-,19,-
Greenwood Primary School,81,5,12,82,16,82,16,-,42,3,-,42,3,-,42,3,-,42,3,-,42,3,-,123,-,-,-,123,-,68,-,123,-,78,-,123,-,89,-,123,-,89,-
Haig Girls' School,79,19,20,79,24,79,24,-,38,12,-,38,12,-,38,12,-,38,12,-,38,18,-,97,-,-,-,97,-,76,-,97,-,93,-,97,-,108,"Balloting will be conducted for Permanent Resident children residing within 1km of the school. If your application is unsuccessful, you can register for a school with available vacancies in Phase 2C Supplementary.",97,-,108,"Balloting will be conducted for Permanent Resident children residing within 1km of the school. If your application is unsuccessful, you can register for a school with available vacancies in Phase 2C Supplementary."
Henry Park Primary School,109,81,106,109,109,109,109,-,20,22,-,20,22,-,20,22,-,20,22,-,20,23,"Balloting will be conducted for Singapore Citizen children residing within 1km of the school. If your application is unsuccessful, you can register again in your next eligible phase.",41,-,-,-,42,-,51,-,42,-,65,-,44,-,64,"Balloting will be conducted for Singapore Citizen children residing within 1km of the school. If your application is unsuccessful, you can register for a school with available vacancies in Phase 2C Supplementary.",44,-,64,"Balloting will be conducted for Singapore Citizen children residing within 1km of the school. If your application is unsuccessful, you can register for a school with available vacancies in Phase 2C Supplementary."
Holy Innocents' Primary School,103,93,108,103,115,103,115,"Balloting will be conducted for Singapore Citizen children residing outside 2km of the school. If your application is unsuccessful, you can register again in your next eligible phase.",20,34,-,20,34,-,20,34,-,20,34,-,20,53,"Balloting will be conducted for Singapore Citizen children residing within 1km of the school. If your application is unsuccessful, you can register again in your next eligible phase.",40,-,-,-,40,-,73,-,40,-,100,-,40,-,115,"Balloting will be conducted for Singapore Citizen children residing within 1km of the school. If your application is unsuccessful, you can register for a school with available vacancies in Phase 2C Supplementary.",40,-,115,"Balloting will be conducted for Singapore Citizen children residing within 1km of the school. If your application is unsuccessful, you can register for a school with available vacancies in Phase 2C Supplementary."
Hong Wen School,68,27,34,69,34,69,34,-,32,26,-,32,26,-,32,26,-,32,26,-,32,30,-,65,-,-,-,66,-,122,-,66,-,145,-,69,-,151,"Balloting will be conducted for Singapore Citizen children residing within 1km of the school. If your application is unsuccessful, you can register for a school with available vacancies in Phase 2C Supplementary.",69,-,151,"Balloting will be conducted for Singapore Citizen children residing within 1km of the school. If your application is unsuccessful, you can register for a school with available vacancies in Phase 2C Supplementary."
Horizon Primary School,77,87,101,77,105,77,105,"Balloting will be conducted for Singapore Citizen children residing within 1km of the school. If your application is unsuccessful, you can register again in  your next eligible phase.",20,11,-,20,11,-,20,11,-,20,11,-,20,16,-,44,-,-,-,44,-,52,-,44,-,69,-,44,-,81,"Balloting will be conducted for Singapore Citizen children residing within 1km of the school. If your application is unsuccessful, you can register for a school with available vacancies in Phase 2C Supplementary.",44,-,81,"Balloting will be conducted for Singapore Citizen children residing within 1km of the school. If your application is unsuccessful, you can register for a school with available vacancies in Phase 2C Supplementary."
Hougang Primary School,54,15,21,54,22,54,22,-,31,13,-,31,13,-,31,13,-,31,13,-,31,17,-,75,-,-,-,75,-,85,-,75,-,93,-,76,-,98,"Balloting will be conducted for Singapore Citizen children residing within 1km of the school. If your application is unsuccessful, you can register for a school with available vacancies in Phase 2C Supplementary.",76,-,98,"Balloting will be conducted for Singapore Citizen children residing within 1km of the school. If your application is unsuccessful, you can register for a school with available vacancies in Phase 2C Supplementary."
Huamin Primary School,79,63,79,79,90,79,90,"Balloting will be conducted for Singapore Citizen children residing between 1km and 2km of the school. If your application is unsuccessful, you can register again in your next eligible phase.",20,0,-,20,0,-,20,0,-,20,0,-,20,1,-,60,-,-,-,61,-,55,-,61,-,75,-,61,-,95,"Balloting will be conducted for Singapore Citizen children residing within 1km of the school. If your application is unsuccessful, you can register for a school with available vacancies in Phase 2C Supplementary.",61,-,95,"Balloting will be conducted for Singapore Citizen children residing within 1km of the school. If your application is unsuccessful, you can register for a school with available vacancies in Phase 2C Supplementary."
Innova Primary School,56,9,9,56,9,56,9,-,36,10,-,36,10,-,36,10,-,36,10,-,36,11,-,96,-,-,-,96,-,48,-,96,-,58,-,96,-,58,-,96,-,58,-
Jiemin Primary School,92,11,18,92,19,92,19,-,44,0,-,44,0,-,44,0,-,44,0,-,44,0,-,133,-,-,-,134,-,47,-,134,-,52,-,134,-,57,-,134,-,57,-
Jing Shan Primary School,39,35,44,39,51,39,51,"Balloting will be conducted for Singapore Citizen children residing between 1km and 2km of the school. If your application is unsuccessful, you can register again in your next eligible phase.",20,1,-,20,1,-,20,1,-,20,1,-,20,1,-,59,-,-,-,60,-,42,-,60,-,53,-,61,-,62,"This school only has places for all Singapore Citizen children; and Permanent Resident children residing within 1km of the school. No balloting will be conducted.

If your application is unsuccessful, you can register for a school with available vacancies in Phase 2C Supplementary.",61,-,62,"This school only has places for all Singapore Citizen children; and Permanent Resident children residing within 1km of the school. No balloting will be conducted.

If your application is unsuccessful, you can register for a school with available vacancies in Phase 2C Supplementary."
Junyuan Primary School,97,56,64,97,76,97,76,-,27,0,-,27,0,-,27,0,-,27,0,-,27,0,-,81,-,-,-,81,-,44,-,81,-,52,-,81,-,58,-,81,-,58,-
Jurong Primary School,101,24,34,101,37,101,37,-,41,0,-,41,0,-,41,0,-,41,0,-,41,0,-,124,-,-,-,124,-,52,-,124,-,67,-,125,-,73,-,125,-,73,-
Jurong West Primary School,63,52,59,63,65,63,65,"Balloting will be conducted for Permanent Resident children residing within 1km of the school. If your application is unsuccessful, you can register again in your next eligible phase.",20,1,-,20,1,-,20,1,-,20,1,-,20,1,-,59,-,-,-,59,-,44,-,59,-,50,-,60,-,63,"Balloting will be conducted for Permanent Resident children residing within 1km of the school. If your application is unsuccessful, you can register for a school with available vacancies in Phase 2C Supplementary.",60,-,63,"Balloting will be conducted for Permanent Resident children residing within 1km of the school. If your application is unsuccessful, you can register for a school with available vacancies in Phase 2C Supplementary."
Keming Primary School,80,41,50,80,51,80,51,-,30,7,-,30,7,-,30,7,-,30,7,-,30,8,-,81,-,-,-,81,-,115,-,81,-,135,-,82,-,138,"Balloting will be conducted for Singapore Citizen children residing within 1km of the school. If your application is unsuccessful, you can register for a school with available vacancies in Phase 2C Supplementary.",82,-,138,"Balloting will be conducted for Singapore Citizen children residing within 1km of the school. If your application is unsuccessful, you can register for a school with available vacancies in Phase 2C Supplementary."
Kheng Cheng School,109,38,45,109,47,109,47,-,41,0,-,41,0,-,41,0,-,41,0,-,41,1,-,121,-,-,-,121,-,56,-,121,-,89,-,121,-,110,-,121,-,110,-
Kong Hwa School,100,61,73,100,74,100,74,-,29,7,-,29,7,-,29,7,-,29,7,-,29,57,"Balloting will be conducted for Singapore Citizen children residing within 1km of the school. If your application is unsuccessful, you can register again in your next eligible phase.",57,-,-,-,57,-,52,-,57,-,71,-,57,-,84,"Balloting will be conducted for Singapore Citizen children residing within 1km of the school. If your application is unsuccessful, you can register for a school with available vacancies in Phase 2C Supplementary.",57,-,84,"Balloting will be conducted for Singapore Citizen children residing within 1km of the school. If your application is unsuccessful, you can register for a school with available vacancies in Phase 2C Supplementary."
Kranji Primary School,25,16,23,25,25,25,25,-,20,0,-,20,0,-,20,0,-,20,0,-,20,0,-,60,-,-,-,60,-,18,-,60,-,21,-,60,-,21,-,60,-,21,-
Kuo Chuan Presbyterian Primary School,92,43,55,92,57,92,57,-,32,34,-,32,34,-,32,34,-,32,34,-,32,36,"Balloting will be conducted for Singapore Citizen children residing outside 2km of the school. If your application is unsuccessful, you can register again in your next eligible phase.",63,-,-,-,64,-,59,-,65,-,65,-,67,-,76,"Balloting will be conducted for Singapore Citizen children residing between 1km and 2km of the school. If your application is unsuccessful, you can register for a school with available vacancies in Phase 2C Supplementary.",67,-,76,"Balloting will be conducted for Singapore Citizen children residing between 1km and 2km of the school. If your application is unsuccessful, you can register for a school with available vacancies in Phase 2C Supplementary."
Lakeside Primary School,98,31,41,98,42,98,42,-,39,0,-,39,0,-,39,0,-,39,0,-,39,0,-,116,-,-,-,118,-,61,-,118,-,92,-,119,-,112,-,119,-,112,-
Lianhua Primary School,207,8,17,207,17,207,17,-,83,0,-,83,0,-,83,0,-,83,0,-,84,0,-,251,-,-,-,252,-,19,-,252,-,31,-,252,-,36,-,252,-,36,-
Maha Bodhi School,129,79,97,129,99,129,99,-,30,32,-,30,32,-,30,32,-,30,32,-,30,42,"Balloting will be conducted for Singapore Citizen children residing outside 2km of the school. If your application is unsuccessful, you can register again in your next eligible phase.",60,-,-,-,62,-,52,-,62,-,75,-,63,-,82,"Balloting will be conducted for Singapore Citizen children residing between 1km and 2km of the school. If your application is unsuccessful, you can register for a school with available vacancies in Phase 2C Supplementary.",63,-,82,"Balloting will be conducted for Singapore Citizen children residing between 1km and 2km of the school. If your application is unsuccessful, you can register for a school with available vacancies in Phase 2C Supplementary."
Maris Stella High School (Primary Section),140,93,116,140,122,140,122,-,26,26,-,26,26,-,26,26,-,26,26,-,26,30,"Balloting will be conducted for Singapore Citizen children residing between 1km and 2km of the school. If your application is unsuccessful, you can register again in your next eligible phase.",52,-,-,-,53,-,46,-,54,-,67,-,55,-,77,"Balloting will be conducted for Singapore Citizen children residing within 1km of the school. If your application is unsuccessful, you can register for a school with available vacancies in Phase 2C Supplementary.",55,-,77,"Balloting will be conducted for Singapore Citizen children residing within 1km of the school. If your application is unsuccessful, you can register for a school with available vacancies in Phase 2C Supplementary."
Marsiling Primary School,98,12,15,98,15,98,15,-,48,0,-,48,0,-,48,0,-,48,0,-,48,0,-,143,-,-,-,143,-,41,-,143,-,57,-,143,-,74,-,143,-,74,-
Marymount Convent School,142,7,8,143,9,143,9,-,65,3,-,65,3,-,65,3,-,65,3,-,65,7,-,187,-,-,-,187,-,42,-,187,-,47,-,188,-,56,-,188,-,56,-
Mayflower Primary School,83,15,21,83,23,83,23,-,40,0,-,40,0,-,40,0,-,40,0,-,40,0,-,120,-,-,-,120,-,20,-,120,-,25,-,121,-,30,-,121,-,30,-
Mee Toh School,132,19,27,132,28,132,28,-,55,39,-,55,39,-,55,39,-,55,39,-,55,49,-,116,-,-,-,116,-,101,-,116,-,123,-,116,-,145,"Balloting will be conducted for Singapore Citizen children residing within 1km of the school. If your application is unsuccessful, you can register for a school with available vacancies in Phase 2C Supplementary.",116,-,145,"Balloting will be conducted for Singapore Citizen children residing within 1km of the school. If your application is unsuccessful, you can register for a school with available vacancies in Phase 2C Supplementary."
Meridian Primary School,121,19,24,121,26,121,26,-,52,0,-,52,0,-,52,0,-,52,0,-,52,0,-,156,-,-,-,156,-,14,-,157,-,18,-,157,-,22,-,157,-,22,-
Methodist Girls' School (Primary),86,64,78,86,83,86,83,-,21,28,-,21,28,-,21,28,-,21,28,-,21,38,"Balloting will be conducted for Singapore Citizen children residing within 1km of the school. If your application is unsuccessful, you can register again in your next eligible phase.",42,-,-,-,42,-,45,-,42,-,56,-,43,-,63,"Balloting will be conducted for Singapore Citizen children residing within 1km of the school. If your application is unsuccessful, you can register for a school with available vacancies in Phase 2C Supplementary.",43,-,63,"Balloting will be conducted for Singapore Citizen children residing within 1km of the school. If your application is unsuccessful, you can register for a school with available vacancies in Phase 2C Supplementary."
Montfort Junior School,68,6,6,68,7,68,7,-,40,4,-,40,4,-,40,4,-,40,4,-,40,8,-,113,-,-,-,113,-,16,-,113,-,18,-,113,-,25,-,113,-,25,-
Nan Chiau Primary School,109,18,35,109,38,109,38,-,44,102,-,44,102,-,44,102,-,44,102,-,45,123,"Balloting will be conducted for Singapore Citizen children residing within 1km of the school. If your application is unsuccessful, you can register again in your next eligible phase.",89,-,-,-,89,-,178,-,89,-,226,-,89,-,264,"Balloting will be conducted for Singapore Citizen children residing within 1km of the school. If your application is unsuccessful, you can register for a school with available vacancies in Phase 2C Supplementary.",89,-,264,"Balloting will be conducted for Singapore Citizen children residing within 1km of the school. If your application is unsuccessful, you can register for a school with available vacancies in Phase 2C Supplementary."
Nan Hua Primary School,64,70,89,65,96,65,96,"Balloting will be conducted for Singapore Citizen children residing between 1km and 2km of the school. If your application is unsuccessful, you can register again in your next eligible phase.",20,25,-,20,25,-,20,25,-,20,25,-,20,34,"Balloting will be conducted for Singapore Citizen children residing within 1km of the school. If your application is unsuccessful, you can register again in your next eligible phase.",40,-,-,-,40,-,111,-,40,-,161,-,40,-,192,"Balloting will be conducted for Singapore Citizen children residing within 1km of the school. If your application is unsuccessful, you can register for a school with available vacancies in Phase 2C Supplementary.",40,-,192,"Balloting will be conducted for Singapore Citizen children residing within 1km of the school. If your application is unsuccessful, you can register for a school with available vacancies in Phase 2C Supplementary."
Nanyang Primary School,148,119,163,149,171,149,171,"Balloting will be conducted for Singapore Citizen children residing outside 2km of the school. If your application is unsuccessful, you can register again in your next eligible phase.",20,34,-,20,34,-,20,34,-,20,34,-,20,43,"Balloting will be conducted for Singapore Citizen children residing within 1km of the school. If your application is unsuccessful, you can register again in your next eligible phase.",41,-,-,-,43,-,62,-,43,-,66,-,44,-,76,"Balloting will be conducted for Singapore Citizen children residing within 1km of the school. If your application is unsuccessful, you can register for a school with available vacancies in Phase 2C Supplementary.",44,-,76,"Balloting will be conducted for Singapore Citizen children residing within 1km of the school. If your application is unsuccessful, you can register for a school with available vacancies in Phase 2C Supplementary."
Naval Base Primary School,66,80,95,66,100,66,100,"Balloting will be conducted for Singapore Citizen children residing within 1km of the school. If your application is unsuccessful, you can register again in your next eligible phase.",20,2,-,20,2,-,20,2,-,20,2,-,20,2,-,58,-,-,-,58,-,68,-,58,-,80,-,58,-,89,"Balloting will be conducted for Singapore Citizen children residing within 1km of the school. If your application is unsuccessful, you can register for a school with available vacancies in Phase 2C Supplementary.",58,-,89,"Balloting will be conducted for Singapore Citizen children residing within 1km of the school. If your application is unsuccessful, you can register for a school with available vacancies in Phase 2C Supplementary."
New Town Primary School,113,6,9,113,9,113,9,-,55,0,-,55,0,-,55,0,-,55,0,-,55,0,-,164,-,-,-,164,-,14,-,164,-,16,-,164,-,19,-,164,-,19,-
Ngee Ann Primary School,94,28,33,94,34,94,34,-,40,1,-,40,1,-,40,1,-,40,1,-,40,2,-,118,-,-,-,120,-,68,-,121,-,89,-,122,-,122,-,122,-,122,-
North Spring Primary School,128,7,10,128,15,128,15,-,58,0,-,58,0,-,58,0,-,58,0,-,58,0,-,173,-,-,-,173,-,19,-,173,-,32,-,173,-,38,-,173,-,38,-
North View Primary School,87,50,62,87,68,87,68,-,26,0,-,26,0,-,26,0,-,26,0,-,26,0,-,79,-,-,-,79,-,70,-,80,-,85,-,80,-,95,"Balloting will be conducted for Singapore Citizen children residing within 1km of the school. If your application is unsuccessful, you can register for a school with available vacancies in Phase 2C Supplementary.",80,-,95,"Balloting will be conducted for Singapore Citizen children residing within 1km of the school. If your application is unsuccessful, you can register for a school with available vacancies in Phase 2C Supplementary."
North Vista Primary School,123,23,34,123,35,123,35,-,49,0,-,49,0,-,49,0,-,49,0,-,49,1,-,147,-,-,-,147,-,35,-,148,-,53,-,148,-,55,-,148,-,55,-
Northland Primary School,76,59,71,76,72,76,72,-,21,19,-,21,19,-,21,19,-,21,19,-,21,22,"This school only has places for Singapore Citizen children residing within 2km of the school. No balloting will be conducted. If your application is unsuccessful, you can register again in your next eligible phase.",43,-,-,-,43,-,176,-,44,-,195,-,44,-,200,"Balloting will be conducted for Singapore Citizen children residing within 1km of the school. If your application is unsuccessful, you can register for a school with available vacancies in Phase 2C Supplementary.",44,-,200,"Balloting will be conducted for Singapore Citizen children residing within 1km of the school. If your application is unsuccessful, you can register for a school with available vacancies in Phase 2C Supplementary."
Northoaks Primary School,85,4,7,85,9,85,9,-,45,0,-,45,0,-,45,0,-,45,0,-,45,0,-,136,-,-,-,137,-,9,-,137,-,14,-,137,-,20,-,137,-,20,-
Northshore Primary School,168,57,64,168,69,168,69,-,53,1,-,53,1,-,53,1,-,53,1,-,53,1,-,158,-,-,-,158,-,49,-,158,-,90,-,159,-,110,-,159,-,110,-
Oasis Primary School,70,56,66,70,68,70,68,-,21,2,-,21,2,-,21,2,-,21,2,-,21,2,-,60,-,-,-,60,-,44,-,60,-,54,-,61,-,63,"This school only has places for Singapore Citizen children residing within 2km of the school. No balloting will be conducted.

If your application is unsuccessful, you can register for a school with available vacancies in Phase 2C Supplementary.",61,-,63,"This school only has places for Singapore Citizen children residing within 2km of the school. No balloting will be conducted.

If your application is unsuccessful, you can register for a school with available vacancies in Phase 2C Supplementary."
Opera Estate Primary School,60,13,16,60,18,60,18,-,34,1,-,34,1,-,34,1,-,34,1,-,34,1,-,101,29,-,-,101,29,59,-,101,29,68,-,101,29,74,"All Singapore Citizen children are admitted to the school. Balloting will be conducted for Permanent Resident children residing outside 2km of the school. The school has reached the cap on the intake of Permanent Resident children. Any remaining vacancies in Phase 2C Supplementary will only be for Singapore Citizen children.

If your application is unsuccessful, you can register for a school with available vacancies in Phase 2C Supplementary.",101,29,74,"All Singapore Citizen children are admitted to the school. Balloting will be conducted for Permanent Resident children residing outside 2km of the school. The school has reached the cap on the intake of Permanent Resident children. Any remaining vacancies in Phase 2C Supplementary will only be for Singapore Citizen children.

If your application is unsuccessful, you can register for a school with available vacancies in Phase 2C Supplementary."
Palm View Primary School,78,5,6,78,8,78,8,-,43,0,-,43,0,-,43,0,-,43,0,-,43,0,-,130,-,-,-,130,-,49,-,130,-,65,-,130,-,76,-,130,-,76,-
Park View Primary School,56,10,12,56,13,56,13,-,34,1,-,34,1,-,34,1,-,34,1,-,34,2,-,101,27,-,-,101,27,45,-,101,27,54,-,101,27,66,-,101,27,66,-
Pasir Ris Primary School,39,25,32,39,32,39,32,-,22,21,-,22,21,-,22,21,-,22,21,-,23,23,-,47,-,-,-,47,-,64,-,47,-,72,-,47,-,76,"Balloting will be conducted for Singapore Citizen children residing within 1km of the school. If your application is unsuccessful, you can register for a school with available vacancies in Phase 2C Supplementary.",47,-,76,"Balloting will be conducted for Singapore Citizen children residing within 1km of the school. If your application is unsuccessful, you can register for a school with available vacancies in Phase 2C Supplementary."
Paya Lebar Methodist Girls' School (Primary),146,61,69,146,70,146,70,-,45,29,-,45,29,-,45,29,-,45,29,-,46,35,-,102,-,-,-,102,-,81,-,103,-,101,-,103,-,120,"Balloting will be conducted for Singapore Citizen children residing between 1km and 2km of the school. If your application is unsuccessful, you can register for a school with available vacancies in Phase 2C Supplementary.",103,-,120,"Balloting will be conducted for Singapore Citizen children residing between 1km and 2km of the school. If your application is unsuccessful, you can register for a school with available vacancies in Phase 2C Supplementary."
Pei Chun Public School,127,91,107,127,116,127,116,-,24,22,-,24,22,-,24,22,-,24,22,-,24,29,"Balloting will be conducted for Singapore Citizen children residing within 1km of the school. If your application is unsuccessful, you can register again in your next eligible phase.",49,-,-,-,49,-,66,-,49,-,79,-,52,-,81,"Balloting will be conducted for Singapore Citizen children residing within 1km of the school. If your application is unsuccessful, you can register for a school with available vacancies in Phase 2C Supplementary.",52,-,81,"Balloting will be conducted for Singapore Citizen children residing within 1km of the school. If your application is unsuccessful, you can register for a school with available vacancies in Phase 2C Supplementary."
Pei Hwa Presbyterian Primary School,62,72,86,62,93,62,93,"Balloting will be conducted for Singapore Citizen children residing outside 2km of the school. If your application is unsuccessful, you can register again in your next eligible phase.",20,25,-,20,25,-,20,25,-,20,25,-,20,32,"Balloting will be conducted for Singapore Citizen children residing within 1km of the school. If your application is unsuccessful, you can register again in your next eligible phase.",40,-,-,-,40,-,52,-,40,-,68,-,40,-,75,"Balloting will be conducted for Singapore Citizen children residing within 1km of the school. If your application is unsuccessful, you can register for a school with available vacancies in Phase 2C Supplementary.",40,-,75,"Balloting will be conducted for Singapore Citizen children residing within 1km of the school. If your application is unsuccessful, you can register for a school with available vacancies in Phase 2C Supplementary."
Pei Tong Primary School,160,19,24,160,25,160,25,-,65,0,-,65,0,-,65,0,-,65,0,-,65,0,-,195,-,-,-,195,-,20,-,195,-,27,-,196,-,29,-,196,-,29,-
Peiying Primary School,90,22,27,90,29,90,29,-,40,0,-,40,0,-,40,0,-,40,0,-,40,0,-,121,-,-,-,121,-,29,-,121,-,40,-,121,-,49,-,121,-,49,-
Poi Ching School,85,19,21,85,23,85,23,-,41,24,-,41,24,-,41,24,-,41,24,-,41,45,"Balloting will be conducted for Singapore Citizen children residing between 1km and 2km of the school. If your application is unsuccessful, you can register again in your next eligible phase.",82,-,-,-,82,-,149,-,82,-,191,-,82,-,197,"Balloting will be conducted for Singapore Citizen children residing within 1km of the school. If your application is unsuccessful, you can register for a school with available vacancies in Phase 2C Supplementary.",82,-,197,"Balloting will be conducted for Singapore Citizen children residing within 1km of the school. If your application is unsuccessful, you can register for a school with available vacancies in Phase 2C Supplementary."
Princess Elizabeth Primary School,53,68,84,53,89,53,89,"Balloting will be conducted for Singapore Citizen children residing within 1km of the school. If your application is unsuccessful, you can register again in your next eligible phase.",20,11,-,20,11,-,20,11,-,20,11,-,20,12,-,48,-,-,-,48,-,194,-,48,-,249,-,48,-,283,"Balloting will be conducted for Singapore Citizen children residing within 1km of the school. If your application is unsuccessful, you can register for a school with available vacancies in Phase 2C Supplementary.",48,-,283,"Balloting will be conducted for Singapore Citizen children residing within 1km of the school. If your application is unsuccessful, you can register for a school with available vacancies in Phase 2C Supplementary."
Punggol Cove Primary School,118,52,60,118,65,118,65,-,38,0,-,38,0,-,38,0,-,38,0,-,38,1,-,112,-,-,-,113,-,60,-,113,-,72,-,113,-,82,-,113,-,82,-
Punggol Green Primary School,73,85,96,73,98,73,98,"Balloting will be conducted for Singapore Citizen children residing within 1km of the school. If your application is unsuccessful, you can register again in your next eligible phase.",20,4,-,20,4,-,20,4,-,20,4,-,21,4,-,58,-,-,-,58,-,85,-,58,-,105,-,58,-,110,"Balloting will be conducted for Singapore Citizen children residing within 1km of the school. If your application is unsuccessful, you can register for a school with available vacancies in Phase 2C Supplementary.",58,-,110,"Balloting will be conducted for Singapore Citizen children residing within 1km of the school. If your application is unsuccessful, you can register for a school with available vacancies in Phase 2C Supplementary."
Punggol Primary School,41,12,14,41,17,41,17,-,28,0,-,28,0,-,28,0,-,28,0,-,28,0,-,84,-,-,-,84,-,77,-,86,-,97,-,86,-,106,"Balloting will be conducted for Singapore Citizen children residing within 1km of the school. If your application is unsuccessful, you can register for a school with available vacancies in Phase 2C Supplementary.",86,-,106,"Balloting will be conducted for Singapore Citizen children residing within 1km of the school. If your application is unsuccessful, you can register for a school with available vacancies in Phase 2C Supplementary."
Punggol View Primary School,82,40,50,82,51,82,51,-,30,1,-,30,1,-,30,1,-,30,1,-,30,1,-,90,-,-,-,90,-,34,-,90,-,41,-,92,-,51,-,92,-,51,-
Qifa Primary School,125,36,45,125,48,125,48,-,46,12,-,46,12,-,46,12,-,46,12,-,46,17,-,121,-,-,-,121,-,79,-,121,-,100,-,124,-,130,"Balloting will be conducted for Permanent Resident children residing between 1km and 2km of the school. If your application is unsuccessful, you can register for a school with available vacancies in Phase 2C Supplementary.",124,-,130,"Balloting will be conducted for Permanent Resident children residing between 1km and 2km of the school. If your application is unsuccessful, you can register for a school with available vacancies in Phase 2C Supplementary."
Qihua Primary School,60,17,22,60,25,60,25,-,32,0,-,32,0,-,32,0,-,32,0,-,32,0,-,95,-,-,-,95,-,33,-,95,-,38,-,95,-,42,-,95,-,42,-
Queenstown Primary School,74,21,27,75,28,75,28,-,36,1,-,36,1,-,36,1,-,36,1,-,36,1,-,106,-,-,-,106,-,92,-,106,-,114,-,106,-,123,"Balloting will be conducted for Permanent Resident children residing within 1km of the school. If your application is unsuccessful, you can register for a school with available vacancies in Phase 2C Supplementary.",106,-,123,"Balloting will be conducted for Permanent Resident children residing within 1km of the school. If your application is unsuccessful, you can register for a school with available vacancies in Phase 2C Supplementary."
Radin Mas Primary School,71,48,54,71,56,71,56,-,25,20,-,25,20,-,25,20,-,25,20,-,25,22,-,53,-,-,-,53,-,75,-,53,-,89,-,54,-,81,"Balloting will be conducted for Singapore Citizen children residing within 1km of the school. If your application is unsuccessful, you can register for a school with available vacancies in Phase 2C Supplementary.",54,-,81,"Balloting will be conducted for Singapore Citizen children residing within 1km of the school. If your application is unsuccessful, you can register for a school with available vacancies in Phase 2C Supplementary."
Raffles Girls' Primary School,149,52,63,151,66,151,66,-,48,29,-,48,29,-,48,29,-,48,29,-,48,33,-,112,-,-,-,112,-,52,-,112,-,72,-,113,-,130,"Balloting will be conducted for Singapore Citizen children residing outside 2km of the school. If your application is unsuccessful, you can register for a school with available vacancies in Phase 2C Supplementary.",113,-,130,"Balloting will be conducted for Singapore Citizen children residing outside 2km of the school. If your application is unsuccessful, you can register for a school with available vacancies in Phase 2C Supplementary."
Red Swastika School,86,77,101,86,112,86,112,"Balloting will be conducted for Singapore Citizen children residing outside 2km of the school. If your application is unsuccessful, you can register again in your next eligible phase.",20,12,-,20,12,-,20,12,-,20,12,-,20,22,"Balloting will be conducted for Permanent Resident children residing within 1km of the school. If your application is unsuccessful, you can register again in your next eligible phase.",40,-,-,-,40,-,52,-,40,-,75,-,42,-,89,"Balloting will be conducted for Singapore Citizen children residing within 1km of the school. If your application is unsuccessful, you can register for a school with available vacancies in Phase 2C Supplementary.",42,-,89,"Balloting will be conducted for Singapore Citizen children residing within 1km of the school. If your application is unsuccessful, you can register for a school with available vacancies in Phase 2C Supplementary."
River Valley Primary School,67,31,49,67,52,67,52,-,25,14,-,25,14,-,25,14,-,25,14,-,25,16,-,59,-,-,-,59,-,43,-,59,-,60,-,60,-,73,"Balloting will be conducted for Singapore Citizen children residing between 1km and 2km of the school. If your application is unsuccessful, you can register for a school with available vacancies in Phase 2C Supplementary.",60,-,73,"Balloting will be conducted for Singapore Citizen children residing between 1km and 2km of the school. If your application is unsuccessful, you can register for a school with available vacancies in Phase 2C Supplementary."
Riverside Primary School,63,45,55,63,70,63,70,"Balloting will be conducted for Permanent Resident children residing within 1km of the school. If your application is unsuccessful, you can register again in your next eligible phase.",20,1,-,20,1,-,20,1,-,20,1,-,20,1,-,59,-,-,-,59,-,61,-,59,-,70,-,59,-,90,"Balloting will be conducted for Singapore Citizen children residing within 1km of the school. If your application is unsuccessful, you can register for a school with available vacancies in Phase 2C Supplementary.",59,-,90,"Balloting will be conducted for Singapore Citizen children residing within 1km of the school. If your application is unsuccessful, you can register for a school with available vacancies in Phase 2C Supplementary."
Rivervale Primary School,44,15,16,44,20,44,20,-,28,13,-,28,13,-,28,13,-,28,13,-,28,14,-,70,-,-,-,70,-,97,-,70,-,117,-,70,-,133,"Balloting will be conducted for Singapore Citizen children residing within 1km of the school. If your application is unsuccessful, you can register for a school with available vacancies in Phase 2C Supplementary.",70,-,133,"Balloting will be conducted for Singapore Citizen children residing within 1km of the school. If your application is unsuccessful, you can register for a school with available vacancies in Phase 2C Supplementary."
Rosyth School,75,81,115,75,120,75,120,"Balloting will be conducted for Singapore Citizen children residing between 1km and 2km of the school. If your application is unsuccessful, you can register again in your next eligible phase.",20,20,-,20,20,-,20,20,-,20,20,-,20,23,"Balloting will be conducted for Singapore Citizen children residing within 1km of the school. If your application is unsuccessful, you can register again in your next eligible phase.",41,-,-,-,41,-,96,-,41,-,124,-,41,-,142,"Balloting will be conducted for Singapore Citizen children residing within 1km of the school. If your application is unsuccessful, you can register for a school with available vacancies in Phase 2C Supplementary.",41,-,142,"Balloting will be conducted for Singapore Citizen children residing within 1km of the school. If your application is unsuccessful, you can register for a school with available vacancies in Phase 2C Supplementary."
Rulang Primary School,88,79,101,88,102,88,102,"Balloting will be conducted for Singapore Citizen children residing outside 2km of the school. If your application is unsuccessful, you can register again in your next eligible phase.",20,23,-,20,23,-,20,23,-,20,23,-,20,26,"Balloting will be conducted for Singapore Citizen children residing within 1km of the school. If your application is unsuccessful, you can register again in your next eligible phase.",40,-,-,-,41,-,86,-,41,-,100,-,41,-,112,"Balloting will be conducted for Singapore Citizen children residing within 1km of the school. If your application is unsuccessful, you can register for a school with available vacancies in Phase 2C Supplementary.",41,-,112,"Balloting will be conducted for Singapore Citizen children residing within 1km of the school. If your application is unsuccessful, you can register for a school with available vacancies in Phase 2C Supplementary."
Sembawang Primary School,58,27,40,58,44,58,44,-,25,0,-,25,0,-,25,0,-,25,0,-,25,1,-,73,-,-,-,74,-,38,-,75,-,51,-,75,-,67,-,75,-,67,-
Seng Kang Primary School,111,7,8,111,9,111,9,-,54,0,-,54,0,-,54,0,-,54,0,-,54,0,-,163,-,-,-,163,-,16,-,163,-,19,-,163,-,22,-,163,-,22,-
Sengkang Green Primary School,92,103,117,92,121,92,121,"Balloting will be conducted for Singapore Citizen children residing within 1km of the school. If your application is unsuccessful, you can register again in your next eligible phase.",20,14,-,20,14,-,20,14,-,20,14,-,20,15,-,45,-,-,-,45,-,69,-,45,-,78,-,45,-,87,"Balloting will be conducted for Singapore Citizen children residing within 1km of the school. If your application is unsuccessful, you can register for a school with available vacancies in Phase 2C Supplementary.",45,-,87,"Balloting will be conducted for Singapore Citizen children residing within 1km of the school. If your application is unsuccessful, you can register for a school with available vacancies in Phase 2C Supplementary."
Shuqun Primary School,62,27,40,62,49,62,49,-,25,12,-,25,12,-,25,12,-,25,12,-,25,15,-,59,-,-,-,59,-,84,-,59,-,100,-,60,-,97,"Balloting will be conducted for Singapore Citizen children residing within 1km of the school. If your application is unsuccessful, you can register for a school with available vacancies in Phase 2C Supplementary.",60,-,97,"Balloting will be conducted for Singapore Citizen children residing within 1km of the school. If your application is unsuccessful, you can register for a school with available vacancies in Phase 2C Supplementary."
Si Ling Primary School,50,10,10,50,10,50,10,-,33,0,-,33,0,-,33,0,-,33,0,-,33,0,-,100,-,-,-,100,-,11,-,100,-,17,-,100,-,22,-,100,-,22,-
Singapore Chinese Girls' Primary School,78,59,71,78,75,78,75,-,21,16,-,21,16,-,21,16,-,21,16,-,21,20,-,43,-,-,-,43,-,40,-,43,-,57,-,43,-,58,"Balloting will be conducted for Singapore Citizen children residing within 1km of the school. If your application is unsuccessful, you can register for a school with available vacancies in Phase 2C Supplementary.",43,-,58,"Balloting will be conducted for Singapore Citizen children residing within 1km of the school. If your application is unsuccessful, you can register for a school with available vacancies in Phase 2C Supplementary."
South View Primary School,89,87,102,89,105,89,105,"Balloting will be conducted for Singapore Citizen children residing between 1km and 2km of the school. If your application is unsuccessful, you can register again in your next eligible phase.",20,34,-,20,34,-,20,34,-,20,34,-,20,34,"Balloting will be conducted for Singapore Citizen children residing within 1km of the school. If your application is unsuccessful, you can register again in your next eligible phase.",40,-,-,-,40,-,109,-,40,-,123,-,40,-,128,"Balloting will be conducted for Singapore Citizen children residing within 1km of the school. If your application is unsuccessful, you can register for a school with available vacancies in Phase 2C Supplementary.",40,-,128,"Balloting will be conducted for Singapore Citizen children residing within 1km of the school. If your application is unsuccessful, you can register for a school with available vacancies in Phase 2C Supplementary."
Springdale Primary School,118,51,56,118,57,118,57,-,40,0,-,40,0,-,40,0,-,40,0,-,40,0,-,121,-,-,-,121,-,49,-,121,-,62,-,121,-,68,-,121,-,68,-
St. Andrew's Junior School,125,39,48,125,49,125,49,-,45,18,-,45,18,-,45,18,-,45,18,-,45,36,-,100,-,-,-,101,-,63,-,101,-,83,-,103,-,113,"Balloting will be conducted for Singapore Citizen children residing outside 2km of the school. If your application is unsuccessful, you can register for a school with available vacancies in Phase 2C Supplementary.",103,-,113,"Balloting will be conducted for Singapore Citizen children residing outside 2km of the school. If your application is unsuccessful, you can register for a school with available vacancies in Phase 2C Supplementary."
St. Anthony's Canossian Primary School,124,6,9,124,11,124,11,-,58,6,-,58,6,-,58,6,-,58,6,-,58,8,-,165,-,-,-,165,-,25,-,165,-,32,-,165,-,36,-,165,-,36,-
St. Anthony's Primary School,110,36,44,110,44,110,44,-,42,5,-,42,5,-,42,5,-,42,5,-,42,24,-,102,-,-,-,102,-,78,-,102,-,105,-,102,-,114,"Balloting will be conducted for Singapore Citizen children residing between 1km and 2km of the school. If your application is unsuccessful, you can register for a school with available vacancies in Phase 2C Supplementary.",102,-,114,"Balloting will be conducted for Singapore Citizen children residing between 1km and 2km of the school. If your application is unsuccessful, you can register for a school with available vacancies in Phase 2C Supplementary."
St. Gabriel's Primary School,64,6,12,64,13,64,13,-,37,13,-,37,13,-,37,13,-,37,13,-,37,34,-,77,-,-,-,77,-,28,-,77,-,37,-,77,-,52,-,77,-,52,-
St. Hilda's Primary School,103,89,106,103,113,103,113,"Balloting will be conducted for Singapore Citizen children residing outside 2km of the school. If your application is unsuccessful, you can register again in your next eligible phase.",20,24,-,20,24,-,20,24,-,20,24,-,20,36,"Balloting will be conducted for Singapore Citizen children residing within 1km of the school. If your application is unsuccessful, you can register again in your next eligible phase.",40,-,-,-,40,-,93,-,40,-,113,-,40,-,136,"Balloting will be conducted for Singapore Citizen children residing within 1km of the school. If your application is unsuccessful, you can register for a school with available vacancies in Phase 2C Supplementary.",40,-,136,"Balloting will be conducted for Singapore Citizen children residing within 1km of the school. If your application is unsuccessful, you can register for a school with available vacancies in Phase 2C Supplementary."
St. Joseph's Institution Junior,127,47,55,127,56,127,56,-,44,36,-,44,36,-,44,36,-,44,36,-,44,85,"Balloting will be conducted for Singapore Citizen children residing between 1km and 2km of the school. If your application is unsuccessful, you can register again in your next eligible phase.",88,-,-,-,88,-,55,-,88,-,72,-,88,-,98,"Balloting will be conducted for Singapore Citizen children residing outside 2km of the school. If your application is unsuccessful, you can register for a school with available vacancies in Phase 2C Supplementary.",88,-,98,"Balloting will be conducted for Singapore Citizen children residing outside 2km of the school. If your application is unsuccessful, you can register for a school with available vacancies in Phase 2C Supplementary."
St. Margaret's School (Primary),106,20,26,106,28,106,28,-,46,6,-,46,6,-,46,6,-,46,6,-,46,17,-,121,-,-,-,121,-,50,-,121,-,60,-,122,-,78,-,122,-,78,-
St. Stephen's School,150,17,22,150,23,150,23,-,62,25,-,62,25,-,62,25,-,62,25,-,62,28,-,159,-,-,-,160,-,41,-,160,-,51,-,160,-,58,-,160,-,58,-
Tampines North Primary School,96,9,16,96,18,96,18,-,46,0,-,46,0,-,46,0,-,46,0,-,46,0,-,138,-,-,-,138,-,31,-,138,-,39,-,138,-,47,-,138,-,47,-
Tampines Primary School,103,49,57,103,62,103,62,-,34,0,-,34,0,-,34,0,-,34,0,-,34,0,-,102,-,-,-,102,-,51,-,102,-,68,-,102,-,92,-,102,-,92,-
Tanjong Katong Primary School,69,20,27,69,33,69,33,-,32,12,-,32,12,-,32,12,-,32,12,-,32,13,-,83,-,-,-,84,-,97,-,85,-,113,-,87,-,108,"Balloting will be conducted for Singapore Citizen children residing between 1km and 2km of the school. If your application is unsuccessful, you can register for a school with available vacancies in Phase 2C Supplementary.",87,-,108,"Balloting will be conducted for Singapore Citizen children residing between 1km and 2km of the school. If your application is unsuccessful, you can register for a school with available vacancies in Phase 2C Supplementary."
Tao Nan School,117,112,132,117,138,117,138,"Balloting will be conducted for Singapore Citizen children residing outside 2km of the school. If your application is unsuccessful, you can register again in your next eligible phase.",20,52,-,20,52,-,20,52,-,20,52,-,20,68,"Balloting will be conducted for Singapore Citizen children residing within 1km of the school. If your application is unsuccessful, you can register again in your next eligible phase.",40,-,-,-,40,-,74,-,41,-,91,-,41,-,95,"Balloting will be conducted for Singapore Citizen children residing within 1km of the school. If your application is unsuccessful, you can register for a school with available vacancies in Phase 2C Supplementary.",41,-,95,"Balloting will be conducted for Singapore Citizen children residing within 1km of the school. If your application is unsuccessful, you can register for a school with available vacancies in Phase 2C Supplementary."
Teck Ghee Primary School,44,11,16,44,16,44,16,-,29,4,-,29,4,-,29,4,-,29,4,-,29,5,-,83,-,-,-,83,-,44,-,83,-,52,-,84,-,64,-,84,-,64,-
Teck Whye Primary School,106,18,21,106,21,106,21,-,48,0,-,48,0,-,48,0,-,48,0,-,48,2,-,143,-,-,-,143,-,13,-,143,-,18,-,143,-,19,-,143,-,19,-
Telok Kurau Primary School,109,24,31,109,33,109,33,-,45,0,-,45,0,-,45,0,-,45,0,-,46,0,-,137,-,-,-,138,-,41,-,138,-,49,-,138,-,56,-,138,-,56,-
Temasek Primary School,56,45,54,56,59,56,59,"Balloting will be conducted for Singapore Citizen children residing outside 2km of the school. If your application is unsuccessful, you can register again in your next eligible phase.",20,11,-,20,11,-,20,11,-,20,11,-,20,12,-,48,-,-,-,48,-,92,-,48,-,113,-,48,-,116,"Balloting will be conducted for Singapore Citizen children residing within 1km of the school. If your application is unsuccessful, you can register for a school with available vacancies in Phase 2C Supplementary.",48,-,116,"Balloting will be conducted for Singapore Citizen children residing within 1km of the school. If your application is unsuccessful, you can register for a school with available vacancies in Phase 2C Supplementary."
Townsville Primary School,60,6,9,61,17,61,17,-,35,1,-,35,1,-,35,1,-,35,1,-,35,1,-,103,-,-,-,103,-,18,-,104,-,23,-,104,-,27,-,104,-,27,-
Unity Primary School,38,4,10,38,10,38,10,-,29,0,-,29,0,-,29,0,-,29,0,-,29,0,-,88,-,-,-,88,-,35,-,88,-,41,-,88,-,44,-,88,-,44,-
Valour Primary School,107,63,75,107,82,107,82,-,28,1,-,28,1,-,28,1,-,28,1,-,28,1,-,84,-,-,-,84,-,74,-,84,-,94,-,84,-,102,"Balloting will be conducted for Singapore Citizen children residing within 1km of the school. If your application is unsuccessful, you can register for a school with available vacancies in Phase 2C Supplementary.",84,-,102,"Balloting will be conducted for Singapore Citizen children residing within 1km of the school. If your application is unsuccessful, you can register for a school with available vacancies in Phase 2C Supplementary."
Waterway Primary School,120,53,59,120,61,120,61,-,40,1,-,40,1,-,40,1,-,40,1,-,40,1,-,118,-,-,-,120,-,45,-,120,-,53,-,120,-,77,-,120,-,77,-
Wellington Primary School,72,60,79,72,85,72,85,"Balloting will be conducted for Singapore Citizen children residing between 1km and 2km of the school. If your application is unsuccessful, you can register again in your next eligible phase.",20,3,-,20,3,-,20,3,-,20,3,-,20,6,-,54,-,-,-,54,-,78,-,54,-,103,-,55,-,108,"Balloting will be conducted for Singapore Citizen children residing within 1km of the school. If your application is unsuccessful, you can register for a school with available vacancies in Phase 2C Supplementary.",55,-,108,"Balloting will be conducted for Singapore Citizen children residing within 1km of the school. If your application is unsuccessful, you can register for a school with available vacancies in Phase 2C Supplementary."
West Grove Primary School,73,7,7,73,7,73,7,-,42,1,-,42,1,-,42,1,-,42,1,-,42,1,-,125,-,-,-,125,-,31,-,126,-,40,-,126,-,45,-,126,-,45,-
West Spring Primary School,87,46,65,87,69,87,69,-,26,2,-,26,2,-,26,2,-,26,2,-,26,2,-,76,-,-,-,77,-,61,-,78,-,70,-,79,-,85,"Balloting will be conducted for Singapore Citizen children residing between 1km and 2km of the school. If your application is unsuccessful, you can register for a school with available vacancies in Phase 2C Supplementary.",79,-,85,"Balloting will be conducted for Singapore Citizen children residing between 1km and 2km of the school. If your application is unsuccessful, you can register for a school with available vacancies in Phase 2C Supplementary."
West View Primary School,45,15,21,45,23,45,23,-,27,0,-,27,0,-,27,0,-,27,0,-,27,1,-,81,-,-,-,82,-,29,-,82,-,38,-,82,-,41,-,82,-,41,-
Westwood Primary School,90,62,77,90,82,90,82,-,23,10,-,23,10,-,23,10,-,23,10,-,23,10,-,58,-,-,-,58,-,60,-,58,-,77,-,59,-,82,"Balloting will be conducted for Singapore Citizen children residing within 1km of the school. If your application is unsuccessful, you can register for a school with available vacancies in Phase 2C Supplementary.",59,-,82,"Balloting will be conducted for Singapore Citizen children residing within 1km of the school. If your application is unsuccessful, you can register for a school with available vacancies in Phase 2C Supplementary."
White Sands Primary School,42,17,22,42,23,42,23,-,26,3,-,26,3,-,26,3,-,26,3,-,26,3,-,76,-,-,-,77,-,60,-,78,-,78,-,78,-,86,"Balloting will be conducted for Singapore Citizen children residing outside 2km of the school. If your application is unsuccessful, you can register for a school with available vacancies in Phase 2C Supplementary.",78,-,86,"Balloting will be conducted for Singapore Citizen children residing outside 2km of the school. If your application is unsuccessful, you can register for a school with available vacancies in Phase 2C Supplementary."
Woodgrove Primary School,61,8,9,61,10,61,10,-,37,6,-,37,6,-,37,6,-,37,6,-,37,8,-,103,-,-,-,103,-,70,-,103,-,90,-,103,-,99,-,103,-,99,-
Woodlands Primary School,81,22,32,81,33,81,33,-,36,7,-,36,7,-,36,7,-,36,7,-,36,8,-,100,-,-,-,102,-,65,-,102,-,75,-,102,-,87,-,102,-,87,-
Woodlands Ring Primary School,65,14,17,65,20,65,20,-,35,0,-,35,0,-,35,0,-,35,0,-,35,0,-,105,-,-,-,105,-,43,-,105,-,49,-,105,-,53,-,105,-,53,-
Xinghua Primary School,152,8,9,152,10,152,10,-,67,0,-,67,0,-,67,0,-,67,0,-,67,0,-,202,-,-,-,203,-,18,-,203,-,29,-,203,-,34,-,203,-,34,-
Xingnan Primary School,101,11,16,101,18,101,18,-,48,0,-,48,0,-,48,0,-,48,0,-,48,0,-,143,-,-,-,143,-,31,-,143,-,40,-,143,-,43,-,143,-,43,-
Xinmin Primary School,81,38,52,81,54,81,54,-,29,17,-,29,17,-,29,17,-,29,17,-,29,26,-,61,-,-,-,61,-,81,-,62,-,99,-,62,-,100,"Balloting will be conducted for Singapore Citizen children residing within 1km of the school. If your application is unsuccessful, you can register for a school with available vacancies in Phase 2C Supplementary.",62,-,100,"Balloting will be conducted for Singapore Citizen children residing within 1km of the school. If your application is unsuccessful, you can register for a school with available vacancies in Phase 2C Supplementary."
Xishan Primary School,87,18,26,87,29,87,29,-,39,1,-,39,1,-,39,1,-,39,1,-,39,2,-,116,-,-,-,116,-,29,-,116,-,34,-,116,-,43,-,116,-,43,-
Yangzheng Primary School,34,29,38,34,38,34,38,"Balloting will be conducted for Singapore Citizen children residing outside 2km of the school. If your application is unsuccessful, you can register again in your next eligible phase.",20,11,-,20,11,-,20,11,-,20,11,-,20,14,-,46,-,-,-,46,-,49,-,46,-,60,-,48,-,77,"Balloting will be conducted for Singapore Citizen children residing within 1km of the school. If your application is unsuccessful, you can register for a school with available vacancies in Phase 2C Supplementary.",48,-,77,"Balloting will be conducted for Singapore Citizen children residing within 1km of the school. If your application is unsuccessful, you can register for a school with available vacancies in Phase 2C Supplementary."
Yew Tee Primary School,67,3,4,67,6,67,6,-,40,1,-,40,1,-,40,1,-,40,1,-,40,3,-,118,-,-,-,118,-,35,-,118,-,42,-,118,-,45,-,118,-,45,-
Yio Chu Kang Primary School,74,8,10,74,11,74,11,-,41,0,-,41,0,-,41,0,-,41,0,-,41,0,-,123,-,-,-,123,-,16,-,123,-,19,-,123,-,24,-,123,-,24,-
Yishun Primary School,106,16,24,106,24,106,24,-,47,1,-,47,1,-,47,1,-,47,1,-,47,1,-,141,-,-,-,141,-,38,-,141,-,47,-,141,-,54,-,141,-,54,-
Yu Neng Primary School,51,36,43,51,44,51,44,-,22,8,-,22,8,-,22,8,-,22,8,-,22,12,-,55,-,-,-,55,-,58,-,55,-,76,-,56,-,82,"Balloting will be conducted for Singapore Citizen children residing within 1km of the school. If your application is unsuccessful, you can register for a school with available vacancies in Phase 2C Supplementary.",56,-,82,"Balloting will be conducted for Singapore Citizen children residing within 1km of the school. If your application is unsuccessful, you can register for a school with available vacancies in Phase 2C Supplementary."
Yuhua Primary School,123,12,19,123,23,123,23,-,53,1,-,53,1,-,53,1,-,53,1,-,53,1,-,159,-,-,-,160,-,19,-,160,-,22,-,160,-,23,-,160,-,23,-
Yumin Primary School,113,9,12,113,12,113,12,-,54,0,-,54,0,-,54,0,-,54,0,-,54,0,-,161,-,-,-,161,-,7,-,161,-,7,-,161,-,14,-,161,-,14,-
Zhangde Primary School,57,14,19,57,22,57,22,-,32,0,-,32,0,-,32,0,-,32,0,-,32,0,-,95,-,-,-,95,-,49,-,95,-,64,-,95,-,88,-,95,-,88,-
Zhenghua Primary School,72,40,47,72,55,72,55,-,26,2,-,26,2,-,26,2,-,26,2,-,26,2,-,75,-,-,-,75,-,31,-,75,-,37,-,76,-,44,-,76,-,44,-
Zhonghua Primary School,39,0,4,39,4,39,4,-,32,0,-,32,0,-,32,0,-,32,0,-,32,0,-,95,-,-,-,95,-,7,-,95,-,8,-,95,-,11,-,95,-,11,-
